{"presets":{},"current":{"sup_email":"Support@email.com","google_retargeting":"123456789","sup_phone":"123456789","use_home_banner":true,"use_home_lower_banner":true,"promo_bg_color":"#000000","promo_txt_color":"#c2a727","promo_txt_color_2":"#c2a727","logo_color":"#c2a727","logo_hover_color":"#b78d8d","header_color":"#c2a727","header_bg_color":"#ffffff","mobile_menu_icon":"#ffffff","nav_bg_color":"#555555","dropdown_bg_color":"#555555","dropdown_bg_hover_color":"#000000","dropdown_border_color":"#000000","nav_color":"#ffffff","nav_hover_color":"#ffffff","nav_drop_text_color":"#555555","nav_drop_text_hover_color":"#ffffff","footertop_bg_color":"#5b5656","footerbottom_bg_color":"#787272","footertop_heading_color":"#ffffff","footertop_txt_color":"#ffffff","footer_sep_color":"#ffd300","footer_bg_color":"#4d4d4d","footer_nav_color":"#ffffff","search_bg_color":"#ff0000","search_txt_color":"#090909","cart_text_color":"#ffffff","cart_bg_color":"#ffffff","price_save_color":"#ff1241","checkout_btn_color":"#4bb232","background_color":"#ffffff","link_font_color":"#c2a727","link_font_hover_color":"#000000","button_font_color":"#ffffff","button_background":"#888888","button_font_hover_color":"#ffffff","button_hover_background":"#555555","heading_font_weight":"bold","heading_font_style":"normal","heading_font_transform":"none","heading_font_color":"#222222","body_typeface":"google","body_websafe_font":"Helvetica, Arial, sans-serif","body_google_font":"Montserrat","body_font_weight":"normal","body_font_style":"normal","body_font_color":"#777777","use_logo":true,"logo_height":"auto","promo_text":"Congratulations! You’ve Got Free Shipping! $15 Off Orders Over $100 With Code “ShopName”","promo_text_2":"100% SATISFACTION GUARANTEE","promo_text_3":"We Will Pay For Your Shipping","use_banner_adv":false,"manu-bar":"main-menu","footer_menu_head_1":"Shop By","footer_linklist_1":"footer","footer_menu_head_2":"account","footer_linklist_2":"account","footer_menu_head_3":"About","footer_social_option":false,"footer_linklist_3":"about-us","footer_column_2_title":"Secure Checkout","footer_column2_image":false,"footer_column_2_content":"We use encrypted SSL security to ensure that your credit card information is 100% protected.","footer_show_select":"one","footer_copyright_text":"All Rights Reserved 2017","show_carousel_item_1":true,"carousel_item_1_link":"","show_carousel_item_2":true,"carousel_item_2_link":"","show_carousel_item_3":true,"carousel_item_3_link":"","show_carousel_item_4":true,"carousel_item_4_link":"","show_carousel_item_5":false,"carousel_item_5_link":"","show_carousel_item_6":false,"carousel_item_6_link":"","show_carousel_item_7":false,"carousel_item_7_link":"","show_carousel_item_8":false,"carousel_item_8_link":"","homepage":"","frontpage_collection":"best-sellers","frontpage_collection_2":"frontpage","frontpage_collection_3":"","frontpage_collection_4":"","frontpage_products_number":"4","enable_upsell":true,"headline_text":"Buy 2 Get Free Shipping","button_yes_text":"YES! I WANT THIS SPECIAL OFFER","button_no_text":"No Thanks, I just want one","quantity_text":"2","upsell_background_color":"#222222","upsell_heading_color":"#ff1948","upsell_btn_color":"#fc3c63","upsell_btn_hover_color":"#fc3c63","upsell_btn_txt_color":"#ffffff","upsell_txt_color":"#ffffff","descp_content":"","checkout_heading":"Continue to checkout","product_header_backround_color":"#000000","add_to_cart_text":"Buy It Now!","size_chart_link_title":"[Size Chart]","enable_add_to_cart":false,"enable_timer":true,"enable_quantity":false,"enable_bread":false,"enable_hide_thumbnail":false,"enable_secure_image":false,"social_sharing_count":false,"social_sharing_style":"is-clean","text_share":"","share_facebook":false,"share_twitter":false,"share_pinterest":false,"share_fancy":false,"share_google":false,"related_products_title":"Related Products","related_products_to_show":"4","enable_secure":true,"product_secure_text":"4 Great Reasons To Buy From Us:","secure_img_1":true,"secure_img_2":true,"secure_img_3":true,"secure_img_4":true,"use_zoom":false,"sticky_button":false,"headinng_column_1":"","content_column_1":"","headinng_column_2":"","content_column_2":"","extra_content_column_2":"","viewing_currently":true,"pagination_limit":"28","collection_tags":true,"checkout_button_text":"CHECKOUT","cart_note_text":"Enter Cart Notes -> Then Click Checkout:","related_product_cart_title":"You might also like","cart_secure_text_1":"Shop With Confidence. Easy 30-Day Hassle-Free Return Policy.","cart_secure_text_2":"This site is secure and all information provided will be kept confidential.","cart_note":false,"show_paypal_button":true,"display_social_buttons":true,"social_facebook":true,"social_facebook_link":"https:\/\/www.facebook.com\/","social_flickr":true,"social_flickr_link":"http:\/\/flickr.com","social_googleplus":false,"social_googleplus_link":"http:\/\/plus.google.com","social_instagram":false,"social_instagram_link":"https:\/\/www.instagram.com\/imownedbydogs\/","social_linkedin":false,"social_linkedin_link":"http:\/\/linkedin.com","social_pinterest":false,"social_pinterest_link":"https:\/\/www.pinterest.com\/","social_tumblr":false,"social_tumblr_link":"http:\/\/tumblr.com","social_twitter":true,"social_twitter_link":"http:\/\/twitter.com","social_vimeo":true,"social_vimeo_link":"http:\/\/vimeo.com","social_youtube":false,"social_youtube_link":"http:\/\/youtube.com","display_sidebar":true,"sidebar_textbox":false,"sidebar_textbox_title":"Textbox Title","sidebar_textbox_content":"","display_linklist":true,"linklist_title":"Useful Links","linklist_list":"footer","display_recent_post":false,"recent_post_title":"Recent Posts","recent_post_limit":"3","recent_post_blog":"","bypass_option":"2","enable_notify":true,"enable_mobile_notify":true,"customer_name":"'Hetzler Haley','Panther Latanya','Bachor Taunya','Schrawder Catheryn','Goodlett Kerstin','Tippen Samella','Freudenburg Brittanie','Buzard Fleta','Oda Hollie','Swensen Letisha','Fujii Lahoma','Ludeman Tommy','Pautz Rebbecca','Topliss Arthur','Demske Kira','Tassie Mollie','Triveno Waylon','Sendra Bernardina','Weyers Anjanette','Cannedy Wendy','Facio Afton','Reimers Rene','Haselton Thersa','Trader Royal','Vocu Mellisa','Halpert Barrett','Trigueiro Annabell','Gerster Corina','Mcclure Taylor','Samorano Mathew','Pleppo Xavier','Oyabu Mitch','Behrendt Kyoko','Dannelley Betty','Bavier Cherise','Kensinger Kristofer','Sakamaki Naida','Carrelli Katerine','Hershfield Ok','Stuever Lenard','Wellman Violette','Searchwell Angelo','Bernice Valarie','Abu Lester','Liter Ardath','Gheza Lissette','Cueva Mignon','Tague Marion','Elderidge Nguyet','Plitt Mariam','Sepe America','Maury Carina','Fesko Marilu','Pedroni Carroll','Schumaker Avril','Catanzano Adriane','Demirjian Bobbie','Dohogne Opal','Mcmanemy Lucilla','Guedjian Marcelle','Moribayed Angele','Groenke Slyvia','Amento Brunilda','Cullivan Rodrigo','Mountcastle Erick','Rotelli Lexie','Tagami Debby','Reaver Shauna','Meegan Jeramy','Railey Beverley','Eroman Louis','Fuglsang Valery','Norland Blanche','Louge Donny','Cady Prince','Ferraiz Danita','Souchet Marco','Randolf Lachelle','Peggs Carlton','Mccann Kristan','Rupp Taisha','Newhall Zetta','Riss Kenny','Lesniak Elva','Seebold Clarinda','Capwell Leandro','Boshers Myriam','Fuelling Georgianne','Hayden Kimbra','Nairn Sol','Rivadulla Maribel','Lorandeau Adrian','Vantine Jaqueline','Krysiak Retha','Mickey Camille','Stammer Jami','Trell Shella','Baysden Ruth','Alen Pamella','Naz Cierra','Picotte Rodney','Sayers Tawanna','Legallo Monty','Coyt Marcel','Schrope Shemika','Innarelli Joellen','Busselberg Marie','Stem Sunny','Cearns Janel','Battee Lacy','Brault Santa','Belsey Domenica','Wahner Matilda'","country_list":"'United States'","time_list":"'0 minute', '1 minute', '5 minutes', '10 minutes', '12 minutes', '14 minutes', '16 minutes', '18 minutes', '20 minutes', '25 minutes', '30 minutes', '35 minutes', '40 minutes','42 minutes','45 minutes', '50 minutes', '1 hours'","notify_collection":"frontpage","show_multiple_currencies":true,"show_decimal_places":false,"hide_decimal_places":true,"currency_format":"money_format","supported_currencies":"USD CAD INR GBP AUD EUR JPY PHP","default_currency":"USD","checkout_header_image":"","checkout_use_storefront_logo":false,"checkout_logo_image":"","checkout_logo_position":"center","checkout_logo_size":"large","checkout_body_background_image":"","checkout_body_background_color":"#fff","checkout_input_background_color_mode":"white","checkout_sidebar_background_image":"","checkout_sidebar_background_color":"#fafafa","checkout_heading_font":"Helvetica Neue","checkout_body_font":"Helvetica Neue","checkout_accent_color":"#ffffff","checkout_button_color":"#c5a958","checkout_error_color":"#ff6d6d","footer_column_1_title":"100% Satisfaction Guarantee","footer_column1_image":false,"footer_column_1_content":"We stand by our high-quality products and your satisfaction is 100% guaranteed.","enable_notify_mobile":false,"write_customer_name":"'Hetzler Haley','Panther Latanya','Bachor Taunya','Schrawder Catheryn','Goodlett Kerstin','Tippen Samella','Freudenburg Brittanie','Buzard Fleta','Oda Hollie','Swensen Letisha','Fujii Lahoma','Ludeman Tommy','Pautz Rebbecca','Topliss Arthur','Demske Kira','Tassie Mollie','Triveno Waylon','Sendra Bernardina','Weyers Anjanette','Cannedy Wendy','Facio Afton','Reimers Rene','Haselton Thersa','Trader Royal','Vocu Mellisa','Halpert Barrett','Trigueiro Annabell','Gerster Corina','Mcclure Taylor','Samorano Mathew','Pleppo Xavier','Oyabu Mitch','Behrendt Kyoko','Dannelley Betty','Bavier Cherise','Kensinger Kristofer','Sakamaki Naida','Carrelli Katerine','Hershfield Ok','Stuever Lenard','Wellman Violette','Searchwell Angelo','Bernice Valarie','Abu Lester','Liter Ardath','Gheza Lissette','Cueva Mignon','Tague Marion','Elderidge Nguyet','Plitt Mariam','Sepe America','Maury Carina','Fesko Marilu','Pedroni Carroll','Schumaker Avril','Catanzano Adriane','Demirjian Bobbie','Dohogne Opal','Mcmanemy Lucilla','Guedjian Marcelle','Moribayed Angele','Groenke Slyvia','Amento Brunilda','Cullivan Rodrigo','Mountcastle Erick','Rotelli Lexie','Tagami Debby','Reaver Shauna','Meegan Jeramy','Railey Beverley','Eroman Louis','Fuglsang Valery','Norland Blanche','Louge Donny','Cady Prince','Ferraiz Danita','Souchet Marco','Randolf Lachelle','Peggs Carlton','Mccann Kristan','Rupp Taisha','Newhall Zetta','Riss Kenny','Lesniak Elva','Seebold Clarinda','Capwell Leandro','Boshers Myriam','Fuelling Georgianne','Hayden Kimbra','Nairn Sol','Rivadulla Maribel','Lorandeau Adrian','Vantine Jaqueline','Krysiak Retha','Mickey Camille','Stammer Jami','Trell Shella','Baysden Ruth','Alen Pamella','Naz Cierra','Picotte Rodney','Sayers Tawanna','Legallo Monty','Coyt Marcel','Schrope Shemika','Innarelli Joellen','Busselberg Marie','Stem Sunny','Cearns Janel','Battee Lacy','Brault Santa','Belsey Domenica','Wahner Matilda'","cart_txt_color":"#ce6c6c","use_zoom_mobile":false,"checkout_use_header_image":false,"checkout_logo":"checkout_logo.png","checkout_use_body_background_image":false,"checkout_use_sidebar_background_image":false,"heading_typeface":"google","heading_websafe_font":"Helvetica, Arial, sans-serif","heading_google_font":"Open+Sans","twitter_link":"","facebook_link":"","google_link":"","youtube_link":"","vimeo_link":"","pinterest_link":"","tumblr_link":"","instagram_link":"","linkedin_link":"","flickr_link":"","email_link":"","product_breadcrumb":"1","products_per_row":"4","mobile_products_per_row":"1","align_height":"0","collection_height":"200","collection_breadcrumb":"1","collection_sort":"0","display_collection_title":"1","display_vendor_collection":"0","sale_banner_enabled":"1","collection_swatches":"0","quick_shop_enabled":"1","quick_shop_full_description":"0","description_words":"30","display_collection":"false","collection_linklist":"","collection_linklist_title":"1","collection_linklist_count":"1","collection_linklist_paginate":"7","logo_font":"Google_Roboto","logo_weight":"normal","logo_font_style":"none","logo_font_size":"24","headline_font":"Google_Roboto","headline_weight":"lighter","headline_font_style":"uppercase","headline_font_size":"22","headline_letter_spacing":"1","headline_border":"underline","nav_font":"Google_Montserrat","nav_weight":"normal","nav_font_style":"uppercase","nav_font_size":"13","nav_letter_spacing":"2","nav_shadow":true,"regular_font":"Google_Roboto","regular_weight":"lighter","regular_font_style":"none","regular_font_size":"14","footer_font_size":"14","button_weight":"normal","button_font_style":"uppercase","button_font_size":"14","slideshow_headline_size":"34","slideshow_headline_weight":"bold","slideshow_subtitle_size":"16","slideshow_subtitle_weight":"normal","slideshow_shadow":true,"slideshow_enabled":false,"slideshow_animation":"fade","slideshow_menu":true,"slideshow_stretch":true,"slideshow_arrows":false,"slideshow_speed":"6","video_embed":"","video_width":"set","video_width_px":"1180","video_position":"1","slideshow_1_enabled":true,"image_1_alt_text":"Retina Shopify Theme","image_1_headline":"Retina Shopify Theme","image_1_subtitle":"","image_1_text_align":"center","image_1_button_text":"","image_1_link":"","slideshow_2_enabled":false,"image_2_alt_text":"","image_2_headline":"","image_2_subtitle":"","image_2_text_align":"center","image_2_button_text":"","image_2_link":"","slideshow_3_enabled":false,"image_3_alt_text":"","image_3_headline":"","image_3_subtitle":"","image_3_text_align":"left","image_3_button_text":"","image_3_link":"","slideshow_4_enabled":false,"image_4_alt_text":"","image_4_headline":"","image_4_subtitle":"","image_4_text_align":"right","image_4_button_text":"","image_4_link":"","slideshow_5_enabled":false,"image_5_alt_text":"","image_5_headline":"","image_5_subtitle":"","image_5_text_align":"left","image_5_button_text":"","image_5_link":"","slideshow_6_enabled":false,"image_6_alt_text":"","image_6_headline":"","image_6_subtitle":"","image_6_text_align":"left","image_6_button_text":"","image_6_link":"","display_tags":false,"display_type":false,"display_vendor":false,"display_sku":false,"display_collections":true,"display_related_products":true,"notify_me_form":true,"display_product_quantity":true,"display_inventory_left":false,"product_images_position":"left","product_slideshow_animation":"slide","product_form_style":"dropdown","product_description_position":"bottom","free_price_text":"Free","size_chart":"","cart_action":"ajax","display_special_instructions":false,"display_tos_checkbox":false,"show_shipping_calculator":false,"shipping_calculator_default_country":"United States","contact_address":"","zoom_level":"8","blog_posts_per_page":"12","blog_articles_per_row":"2","blog_breadcrumb":false,"blog_tags":true,"blog_author":true,"blog_date":true,"blog_comment_count":true,"read_more_link":true,"blog_additional_articles":true,"slideshow_article_enabled":false,"slideshow_article_darken":false,"sidebar_enabled":true,"blog_search":true,"blog_newsletter":true,"display_recent_articles":true,"blog_sidebar_tags":true,"blog_content_page":"","disqus_enabled":false,"disqus_shortname":"","newsletter_popup":false,"newsletter_popup_form":true,"newsletter_popup_page":"","newsletter_popup_seconds":"2","newsletter_popup_days":"30","newsletter_popup_max_width":"600","social_icons_enabled":true,"social_icons_footer":true,"logo_color_home":"#ffffff","regular_color":"#555555","featured_text":"#f8f0f0","shop_home_page_content_text_color":"#303030","promo_text_color":"#888888","banner_color":"#ffffff","headline_color":"#303030","headline_footer_text_color":"#b1aca1","sale_color":"#dc5454","was_price_color":"#9da6ae","sub_footer_text_color":"#888888","footer_text_color":"#888888","password_page_text_color":"#ffffff","newsletter_popup_color":"#555555","nav_color_home":"#151414","nav_color_hover":"#090808","nav_active_color":"#f0c417","link_color":"#26995c","link_hover_color":"#dc5454","sidebar_nav_color":"#404040","sidebar_nav_color_hover":"#47139f","sub_footer_link_color":"#b1aca1","sub_footer_link_color_hover":"#ffffff","footer_link_color":"#b1aca1","footer_link_color_hover":"#ffffff","btn_color":"#13973a","btn_hover_color":"#26995c","btn_text_color":"#ffffff","cart_button_background":"#fafaf6","table_styles_enabled":true,"border_color":"#f4f5f5","headline_border_color":"#b1aca1","sub_footer_border_color":"#222222","sale_banner_color":"#282c30","new_banner_color":"#282c30","shop_bg_color":"#ffffff","modal_background_color":"#ffffff","transparent_header":true,"dropdown_background_color":"#fafaf6","sub_footer_color":"#222222","footer_color":"#222222","shop_use_home_page_content_bg_color":true,"shop_home_page_content_bg_color":"#fafaf6","use_custom_bg_image":false,"repeat_bg":"repeat","bg_fixed":false,"bg_stretched":false,"password_page_background_color":"#000000","use_password_bg_image":true,"pagework_page_bg_stretched":true,"newsletter_popup_background_color":"#ffffff","use_newsletter_bg_image":false,"newsletter_bg_stretched":false,"mobile_header_bg_color":"#f5f5f5","mobile_menu_color":"white","use_logo_home":false,"logo_width":"280","main_linklist":"main-menu","dropdown_column_links":"10","logo_top_padding":"0","menu_top_padding":"5","content_top_padding":"120","fixed_header":true,"search_enabled":true,"search_option":"products","featured_content_page":"","homepage_sidebar":false,"collection_sidebar":false,"product_sidebar":false,"collection_top_sidebar_page":"","collection_sidebar_linklist":"","collection_sidebar_linklist2":"","filter_by_category":false,"filter_by_tag":true,"collection_sidebar_products":false,"collection_sidebar_vendors":false,"collection_sidebar_page":"","mailchimp_link":"","footer_content_page":"","copyright_text":"","display_designed_by":true,"display_payment_methods":true,"position_2":"4","position_3":"0","position_4":"0","position_5":"0","position_6":"0","position_7":"0","position_8":"0","position_9":"0","position_10":"0","featured_links_style":"circle","feature1_link":"\/","feature1_text":"420x265","feature2_link":"\/","feature2_text":"420x265","feature3_link":"\/","feature3_text":"420x265","frontpage_linklist":"","frontpage_collections_per_row":"3","frontpage_collection2":"","frontpage_products_per_row":"4","frontpage_collection_full":"","frontpage_display_description":false,"frontpage_product_stagger":false,"homepage2":"","homepage3":"","blog_widget":true,"blog_widget_select":"news","home_page_articles":"2","twitter_widget":true,"twitter_username":"shopify","twitter_theme":"light","tweet_count":"4","instagram_client_id":"","instagram_title":"Instagram","instagram_count":"10","checkout_banner_background_color":"#ffffff","checkout_call_to_action_color":"#af1f31","checkout_background_color":"#ffffff","checkout_background_image":false,"checkout_text_color":"#404040","checkout_headline_color":"#303030","newsletter_success_text":"Thank you for joining our mailing list!","tab_background_color":"#f5f5f5","shop_content_bg_color":"#ffffff","logo_typeface_method":"google_webfonts","logo_websafe_font":"Helvetica, Arial, sans-serif","headline_typeface_method":"google_webfonts","headline_websafe_font":"'HelveticaNeue-Light', 'Helvetica Neue Light', 'Helvetica Neue', Helvetica, Arial, sans-serif","nav_typeface_method":"google_webfonts","nav_websafe_font":"'Lucida Grande', 'Lucida Sans Unicode', 'Lucida Sans', Lucida, Helvetica, Arial, sans-serif","regular_typeface_method":"google_webfonts","regular_websafe_font":"'HelveticaNeue-Light', 'Helvetica Neue Light', 'Helvetica Neue', Helvetica, Arial, sans-serif","featured_links":true,"image_1_text_color":"#ffffff","image_2_text_color":"#ffffff","image_3_text_color":"#ffffff","image_4_text_color":"#ffffff","image_5_text_color":"#ffffff","image_6_text_color":"#ffffff","sold_out_text":"Sold Out","cart_return":"checkout","option_to_match":"","quick_shop_text":"Quick View","collection_sidebar_vendor_text":"Vendors","tags_text":"Filter","shipping_calculator_heading":"Shipping rates calculator","shipping_calculator_submit_button_label":"Calculate shipping rates","shipping_calculator_submit_button_label_disabled":"Calculating...","display_social_buttons_blog":true,"newsletter_enabled":true,"newsletter_text":"News & Updates","newsletter_description":"Sign up to get the latest on sales, new releases and more …","newsletter_system":"shopify","use_paypal":false,"use_visa":false,"use_mastercard":false,"use_amex":false,"use_discover":false,"content_for_index":[]}}