[{"logo":"https:\/\/www.themillionairemastermind.com\/wp-content\/uploads\/2016\/08\/TheMM-Logo-cropped-e1471897920377.png","settings":[{"content":"TheMM Ecomm Theme","type":"header"},{"content":"If you have any questions please contact The Millionaire Mastermind Support.","type":"paragraph"}],"name":"theme_info"},{"settings":[{"content":"Select Page","type":"header"},{"id":"sup_email","label":"Support Email","type":"text"},{"id":"google_retargeting","label":"Google Adwords\/Analytics ID","type":"text"},{"id":"sup_phone","label":"Support Phone","type":"text"},{"id":"use_home_banner","label":"Use Home Banner","type":"checkbox"},{"id":"home-banner.png","max-height":88,"max-width":940,"label":"Home Banner","type":"image","info":"940px wide recommended"},{"id":"use_home_lower_banner","label":"Use Home Lower Banner","type":"checkbox"},{"id":"home-banner-lower.png","max-height":88,"max-width":940,"label":"Home Banner Lower","type":"image","info":"940px wide recommended"}],"name":"Phone and Email - Info"},{"settings":[{"content":"Promotional Background and text","type":"header"},{"id":"promo_bg_color","label":"Promo Background","type":"color"},{"id":"promo_txt_color","label":"Promo Text Line 1","type":"color"},{"id":"promo_txt_color_2","label":"Promo Text Line 2","type":"color"},{"content":"Header Background and text","type":"header"},{"id":"logo_color","label":"Logo text","type":"color"},{"id":"logo_hover_color","label":"Logo Hover text","type":"color"},{"id":"header_color","label":"Header text","type":"color"},{"id":"header_bg_color","label":"Header Background","type":"color"},{"id":"mobile_menu_icon","label":"Mobile menu icon color","type":"color"},{"id":"nav_bg_color","default":"#000","label":"Nav Background","type":"color"},{"id":"dropdown_bg_color","default":"#000","label":"Nav Dropdown Background","type":"color"},{"id":"dropdown_bg_hover_color","default":"#000","label":"Nav Dropdown Hover Background","type":"color"},{"id":"dropdown_border_color","default":"#FFF","label":"Nav Dropdown Border Color","type":"color"},{"id":"nav_color","label":"Menu text","type":"color"},{"id":"nav_hover_color","label":"Menu text Hover","type":"color"},{"id":"nav_drop_text_color","label":"Dropdown Menu text","type":"color"},{"id":"nav_drop_text_hover_color","label":"Dropdown Menu Hover text","type":"color"},{"content":"Footer Background and text","type":"header"},{"id":"footertop_bg_color","label":"Top Footer Background","type":"color"},{"id":"footerbottom_bg_color","label":"Bottom Footer Background","type":"color"},{"id":"footertop_heading_color","label":"Top Footer Heading","type":"color"},{"id":"footertop_txt_color","label":"Top Footer Text","type":"color"},{"id":"footer_sep_color","label":"Separator Background","type":"color"},{"id":"footer_bg_color","label":"Footer Background","type":"color"},{"id":"footer_nav_color","label":"Footer Menu Text","type":"color"},{"content":"Search Background and text","type":"header"},{"id":"search_bg_color","label":"Search Background","type":"color"},{"id":"search_txt_color","label":"Search Text","type":"color"},{"content":"Other","type":"header"},{"id":"cart_text_color","label":"Cart Text color","type":"color"},{"id":"cart_bg_color","label":"Mini Cart Background","type":"color"},{"id":"price_save_color","label":"Product Save Price color","type":"color"},{"content":"Cart Page","type":"header"},{"id":"checkout_btn_color","default":"#4bb232","label":"Checkout Button","type":"color"},{"content":"Main Background","type":"header"},{"id":"background_color","default":"#ffffff","label":"Background Color","type":"color"},{"content":"Links","type":"header"},{"id":"link_font_color","default":"#b56b26","label":"Link Color","type":"color"},{"id":"link_font_hover_color","default":"#000000","label":"Link Hover Color","type":"color"},{"content":"Buttons","type":"header"},{"id":"button_font_color","default":"#ffffff","label":"Button Font Color","type":"color"},{"id":"button_background","default":"#b56b26","label":"Button Background Color","type":"color"},{"id":"button_font_hover_color","default":"#ffffff","label":"Button Hover Font Color","type":"color"},{"id":"button_hover_background","default":"#000000","label":"Button Hover Background Color","type":"color"}],"name":"Colors"},{"settings":[{"id":"heading_font_weight","default":"bold","label":"Font Weight","type":"select","options":[{"value":"normal","label":"Normal"},{"value":"bold","label":"Bold"}]},{"id":"heading_font_style","default":"normal","label":"Font Style","type":"select","options":[{"value":"normal","label":"Normal"},{"value":"italic","label":"Italic"}]},{"id":"heading_font_transform","default":"none","label":"Text Transform","type":"select","options":[{"value":"none","label":"None"},{"value":"capitalize","label":"Capitalize"},{"value":"uppercase","label":"Uppercase"},{"value":"lowercase","label":"Lowercase"}]},{"id":"heading_font_color","default":"#222222","label":"Color","type":"color"},{"content":"Body Typography","type":"header"},{"id":"body_typeface","label":"Typeface","type":"select","options":[{"value":"websafe","label":"Web Safe"},{"value":"google","label":"Google Webfont"}]},{"id":"body_websafe_font","label":"Web Safe Typeface","type":"font"},{"id":"body_google_font","label":"Google WebFont Typeface","type":"select","options":[{"value":"Abel","label":"Abel"},{"value":"Anton","label":"Anton"},{"value":"Arimo","label":"Arimo"},{"value":"Arvo","label":"Arvo"},{"value":"Asap","label":"Asap"},{"value":"Bitter","label":"Bitter"},{"value":"Cabin","label":"Cabin"},{"value":"Cantarell","label":"Cantarell"},{"value":"Cantata+One","label":"CantataOne"},{"value":"Changa+One","label":"Changa One"},{"value":"Comfortaa","label":"Comfortaa"},{"value":"Dosis","label":"Dosis"},{"value":"Droid+Sans","label":"Droid Sans"},{"value":"Droid+Serif","label":"Droid Serif"},{"value":"Economica","label":"Economica"},{"value":"Francois+One","label":"Francois One"},{"value":"Istok+Web","label":"Istok Web"},{"value":"Josefin+Sans","label":"Josefin+Sans"},{"value":"Kreon","label":"Kreon"},{"value":"Lato","label":"Lato"},{"value":"Lobster","label":"Lobster"},{"value":"Lora","label":"Lora"},{"value":"Maven+Pro","label":"Maven Pro"},{"value":"Merriweather","label":"Merriweather"},{"value":"Montserrat","label":"Montserrat"},{"value":"Nobile","label":"Nobile"},{"value":"Nunito","label":"Nunito"},{"value":"Open+Sans","label":"Open Sans"},{"value":"Open+Sans+Condensed","label":"Open Sans Condensed"},{"value":"Oswald","label":"Oswald"},{"value":"Oxygen","label":"Oxygen"},{"value":"Pacifico","label":"Pacifico"},{"value":"Play","label":"Play"},{"value":"PT+Sans","label":"PT Sans"},{"value":"PT+Sans+Narrow","label":"PT Sans Narrow"},{"value":"PT+Serif","label":"PT Serif"},{"value":"Questrial","label":"Questrial"},{"value":"Raleway","label":"Raleway"},{"value":"Roboto","label":"Roboto"},{"value":"Roboto+Condensed","label":"Roboto Condensed"},{"value":"Rokkitt","label":"Rokkitt"},{"value":"Signika","label":"Signika"},{"value":"Source+Sans+Pro","label":"Source Sans Pro"},{"value":"Ubuntu","label":"Ubuntu"},{"value":"Ubuntu+Condensed","label":"Ubuntu Condensed"},{"value":"Unkempt","label":"Unkempt"},{"value":"Vollkorn","label":"Vollkorn"},{"value":"Yanone+Kaffeesatz","label":"Yanone Kaffeesatz"}]},{"id":"body_font_weight","default":"normal","label":"Font Weight","type":"select","options":[{"value":"normal","label":"Normal"},{"value":"bold","label":"Bold"}]},{"id":"body_font_style","default":"normal","label":"Font Style","type":"select","options":[{"value":"normal","label":"Normal"},{"value":"italic","label":"Italic"}]},{"id":"body_font_color","default":"#777777","label":"Color","type":"color"}],"name":"Typography"},{"settings":[{"id":"use_logo","label":"Use a custom logo","type":"checkbox"},{"id":"logo.png","max-height":560,"max-width":560,"label":"Logo","type":"image","info":"560px wide recommended"},{"content":"Logo image height (px)","type":"paragraph"},{"id":"logo_height","default":"70px","label":"Please set the logo height, we recommend a logo no taller than 200px","type":"text"},{"id":"favicon.png","max-height":32,"max-width":32,"label":"Favicon","type":"image","info":"32 x 32px .png required"},{"id":"promo_text","label":"Promotional banner text","type":"text"},{"id":"promo_text_2","label":"Promotional banner text line 2","type":"text"},{"id":"promo_text_3","type":"text"},{"id":"use_banner_adv","label":"Use Banner Adv","type":"checkbox"},{"id":"banner-sale.png","max-height":200,"max-width":300,"label":"Banner Adv","type":"image","info":"300px wide recommended"},{"id":"manu-bar","default":"main-menu","label":"Main Menu","type":"link_list"}],"name":"Header"},{"settings":[{"id":"footer_menu_head_1","label":"Footer Menu Header 1","type":"text"},{"id":"footer_linklist_1","label":"Footer Menu 1","type":"link_list"},{"id":"footer_menu_head_2","label":"Footer Menu Header 2","type":"text"},{"id":"footer_linklist_2","label":"Footer Menu 2","type":"link_list"},{"id":"footer_menu_head_3","label":"Footer Menu Header 3","type":"text"},{"id":"footer_social_option","label":"Show Social Media Icons instead","type":"checkbox"},{"id":"footer_linklist_3","label":"Footer Menu 3","type":"link_list"},{"content":"Footer Right Column","type":"header"},{"id":"footer_column_2_title","label":"Footer Column 2 Title","type":"text"},{"id":"footer_column2_image","label":"Enable Footer Column2 Image","type":"checkbox"},{"id":"small_icon_2.png","label":"Footer Icon 2 Image","type":"image"},{"id":"footer_column_2_content","label":"Footer Column 2 Content","type":"textarea"},{"content":"Footer Payment image","type":"header"},{"id":"footer_show_select","default":"one","label":"Select Only one","type":"radio","options":[{"value":"one","label":"Show Own Secure Image"},{"value":"two","label":"All Secure images"}]},{"id":"ff-own-secure.png","max-height":2000,"max-width":2000,"label":"Own Secure Image","type":"image"},{"id":"ff-checkout-visa.png","max-height":2000,"max-width":2000,"label":"Upload image Visa","type":"image"},{"id":"ff-checkout-americanexp.png","max-height":2000,"max-width":2000,"label":"Upload image American Express","type":"image"},{"id":"ff-checkout-mastercard.png","max-height":2000,"max-width":2000,"label":"Upload image Mastercard","type":"image"},{"id":"ff-checkout-discover.png","max-height":2000,"max-width":2000,"label":"Upload image Discover","type":"image"},{"id":"ff-checkout-paypal.png","max-height":2000,"max-width":2000,"label":"Upload image Paypal","type":"image"},{"content":"Footer Copyright Text","type":"header"},{"id":"footer_copyright_text","default":"All Rights Reserved.","label":"Footer Copyright Text","type":"text"}],"name":"Footer"},{"settings":[{"content":"Slider Banner","type":"header"},{"content":"Upload up to 8 different banners. Max width is 1800px, the height can vary but for consistency try and keep them all the same. Need them to link to a collection or page, just copy and paste the url in the Link To text box. If you don't want it to link to anything simply leave it blank.","type":"paragraph"},{"content":"Slide #1","type":"paragraph"},{"id":"show_carousel_item_1","default":true,"label":"Show","type":"checkbox"},{"id":"carousel-item-1.jpg","max-width":1800,"label":"Image","type":"image"},{"id":"carousel_item_1_link","label":"Link to","type":"text"},{"content":"Slide #2","type":"paragraph"},{"id":"show_carousel_item_2","default":true,"label":"Show","type":"checkbox"},{"id":"carousel-item-2.jpg","max-width":1800,"label":"Image","type":"image"},{"id":"carousel_item_2_link","label":"Link to","type":"text"},{"content":"Slide #3","type":"paragraph"},{"id":"show_carousel_item_3","default":true,"label":"Show","type":"checkbox"},{"id":"carousel-item-3.jpg","max-width":1800,"label":"Image","type":"image"},{"id":"carousel_item_3_link","label":"Link to","type":"text"},{"content":"Slide #4","type":"paragraph"},{"id":"show_carousel_item_4","label":"Show","type":"checkbox"},{"id":"carousel-item-4.jpg","max-width":1800,"label":"Image","type":"image"},{"id":"carousel_item_4_link","label":"Link to","type":"text"},{"content":"Slide #5","type":"paragraph"},{"id":"show_carousel_item_5","label":"Show","type":"checkbox"},{"id":"carousel-item-5.jpg","max-width":1800,"label":"Image","type":"image"},{"id":"carousel_item_5_link","label":"Link to","type":"text"},{"content":"Slide #6","type":"paragraph"},{"id":"show_carousel_item_6","label":"Show","type":"checkbox"},{"id":"carousel-item-6.jpg","max-width":1800,"label":"Image","type":"image"},{"id":"carousel_item_6_link","label":"Link to","type":"text"},{"content":"Slide #7","type":"paragraph"},{"id":"show_carousel_item_7","label":"Show","type":"checkbox"},{"id":"carousel-item-7.jpg","max-width":1800,"label":"Image","type":"image"},{"id":"carousel_item_7_link","label":"Link to","type":"text"},{"content":"Slide #8","type":"paragraph"},{"id":"show_carousel_item_8","label":"Show","type":"checkbox"},{"id":"carousel-item-8.jpg","max-width":1800,"label":"Image","type":"image"},{"id":"carousel_item_8_link","label":"Link to","type":"text"}],"name":"Home Page - Slider"},{"settings":[{"content":"Select Page","type":"header"},{"id":"homepage","label":"Select Page","type":"page"}],"name":"Home Page - Content"},{"settings":[{"content":"Show a collection of featured products in the standard column grid layout.","type":"paragraph"},{"id":"frontpage_collection","label":"Product collection 1","type":"collection"},{"id":"frontpage_collection_2","label":"Product collection 2","type":"collection"},{"id":"frontpage_collection_3","label":"Product collection 3","type":"collection"},{"id":"frontpage_collection_4","label":"Product collection 4","type":"collection"},{"id":"frontpage_products_number","label":"Products Number","type":"select","options":[{"value":"4","label":"4"},{"value":"8","label":"8"},{"value":"16","label":"16"},{"value":"24","label":"24"},{"value":"40","label":"40"}]}],"name":"Home page - collection in grid"},{"settings":[{"id":"enable_upsell","label":"Enable upsell","type":"checkbox"},{"id":"headline_text","default":"Buy 2 Get Free Shipping","label":"Headline Text","type":"text"},{"id":"button_yes_text","default":"YES! I WANT THIS SPECIAL OFFER","label":"Button Yes Text","type":"text"},{"id":"button_no_text","default":"No Thanks, I just want one","label":"Button No Text","type":"text"},{"id":"quantity_text","default":"2","label":"Quantity","type":"text"},{"content":"Heading and Button Color","type":"header"},{"id":"upsell_background_color","label":"Upsell Background Color","type":"color"},{"id":"upsell_heading_color","label":"Heading Color","type":"color"},{"id":"upsell_btn_color","label":"Upsell Button Color","type":"color"},{"id":"upsell_btn_hover_color","label":"Upsell Button Hover Color","type":"color"},{"id":"upsell_btn_txt_color","label":"Upsell Button Text Color","type":"color"},{"id":"upsell_txt_color","label":"Upsell Text Color","type":"color"}],"name":"Product Upsell popup"},{"settings":[{"id":"descp_content","label":"Extra Descprition","type":"page"},{"id":"checkout_heading","default":"Your Cart","label":"Checkout Heading Text","type":"text"},{"id":"product_header_backround_color","default":"#000","label":"Checkout Heading Background Color","type":"color"},{"id":"add_to_cart_text","default":"Buy It Now","label":"Add to Cart Button Text","type":"text"},{"id":"size_chart_link_title","default":"[Click here view size chart]","label":"Size Chart Title","type":"text"},{"id":"enable_add_to_cart","default":true,"label":"Enable Add to cart in popup","type":"checkbox"},{"id":"enable_timer","default":true,"label":"Enable Timer And Progress bar","type":"checkbox"},{"id":"enable_quantity","label":"Display Quantity","type":"checkbox"},{"id":"enable_bread","label":"Display Breadcumbs","type":"checkbox"},{"id":"enable_hide_thumbnail","label":"Hide Thumbnail on Mobile","type":"checkbox"},{"id":"enable_secure_image","label":"Display Secure image Below Add to cart button","type":"checkbox"},{"id":"cards.png","label":"Secure Image","type":"image"},{"id":"social_sharing_count","label":"Show shared count","type":"checkbox","info":"Only available for Facebook, Twitter, and Pinterest"},{"id":"social_sharing_style","label":"Button Style","type":"select","options":[{"value":"is-default","label":"Normal"},{"value":"is-large","label":"Large"},{"value":"is-clean","label":"Clean"}]},{"id":"text_share","label":"Text Share","type":"text"},{"id":"share_facebook","label":"Share on Facebook","type":"checkbox"},{"id":"share_twitter","label":"Tweet on Twitter","type":"checkbox"},{"id":"share_pinterest","label":"Pin on Pinterest","type":"checkbox"},{"id":"share_fancy","label":"Add to Fancy","type":"checkbox"},{"id":"share_google","label":"+1 on Google Plus","type":"checkbox"},{"content":"Relatyed Products","type":"header"},{"id":"related_products_title","label":"Related Products Title","type":"text"},{"id":"related_products_to_show","label":"Number of related products","type":"text"},{"content":"Enable Secure Image with Title","type":"paragraph"},{"id":"enable_secure","default":true,"label":"Enable secure image","type":"checkbox"},{"id":"product_secure_text","default":"4 Great Reasons To Buy From Us:","label":"Product Secure Title","type":"text"},{"id":"secure_img_1","label":"Enable secure Image 1","type":"checkbox"},{"id":"secure_image_1.png","label":"Secure Image(.png)","type":"image"},{"id":"secure_img_2","label":"Enable secure Image 2","type":"checkbox"},{"id":"secure_image_2.png","label":"Secure Image(.png)","type":"image"},{"id":"secure_img_3","label":"Enable secure Image 3","type":"checkbox"},{"id":"secure_image_3.png","label":"Secure Image(.png)","type":"image"},{"id":"secure_img_4","label":"Enable secure Image 4","type":"checkbox"},{"id":"secure_image_4.png","label":"Secure Image(.png)","type":"image"},{"content":"Enable Product Zoom","type":"paragraph"},{"id":"use_zoom","default":true,"label":"Product Zoom zooms in on images when you hover over them in the product page","type":"checkbox"},{"content":"Sticky Bar of Button","type":"paragraph"},{"id":"sticky_button","label":"Button Sticky","type":"checkbox"},{"content":"Two Column Box Heading Content","type":"header"},{"id":"headinng_column_1","label":"Heading Column 1","type":"text"},{"id":"content_column_1","label":"Content Column 1","type":"textarea"},{"id":"headinng_column_2","label":"Heading Column 2","type":"text"},{"id":"content_column_2","label":"Content Column 2","type":"textarea"},{"id":"extra_content_column_2","label":"Extra Content Column 2","type":"textarea"},{"id":"viewing_currently","label":"Show currently viewing","type":"checkbox"}],"name":"Product page"},{"settings":[{"id":"pagination_limit","label":"Products per page","type":"select","options":[{"value":"14","label":"14"},{"value":"28","label":"28"},{"value":"49","label":"49"}]},{"id":"collection_tags","default":true,"label":"dropdown collection","type":"checkbox"}],"name":"Collection page"},{"settings":[{"id":"secure.png","label":"Secure image","type":"image"},{"id":"checkout_button_text","default":"CHECKOUT SECURELY","label":"Checkout Button Text","type":"text"},{"id":"cart_note_text","default":"Cart Note:","label":"Cart Note Title","type":"text"},{"id":"related_product_cart_title","default":"You might also like","label":"Related Heading Text","type":"text"},{"id":"cart_secure_text_1","label":"Secure Text 1","type":"textarea"},{"id":"cart_secure_text_2","label":"Secure Text 2","type":"textarea"},{"id":"cart_note","default":true,"label":"Show Cart Note","type":"checkbox"},{"id":"show_paypal_button","default":false,"label":"Show Paypal","type":"checkbox"}],"name":"Cart page"},{"settings":[{"id":"display_social_buttons","label":"Show social media icons","type":"checkbox"},{"content":"Social Icons","type":"header"},{"content":"Facebook","type":"paragraph"},{"id":"social_facebook","default":true,"label":"Show","type":"checkbox"},{"id":"social_facebook_link","default":"http:\/\/facebook.com","label":"Link to","type":"text"},{"content":"Flickr","type":"paragraph"},{"id":"social_flickr","default":true,"label":"Show","type":"checkbox"},{"id":"social_flickr_link","default":"http:\/\/flickr.com","label":"Link to","type":"text"},{"content":"Google Plus","type":"paragraph"},{"id":"social_googleplus","default":true,"label":"Show","type":"checkbox"},{"id":"social_googleplus_link","default":"http:\/\/plus.google.com","label":"Link to","type":"text"},{"content":"Instagram","type":"paragraph"},{"id":"social_instagram","default":true,"label":"Show","type":"checkbox"},{"id":"social_instagram_link","default":"http:\/\/instagram.com","label":"Link to","type":"text"},{"content":"Linkedin","type":"paragraph"},{"id":"social_linkedin","default":true,"label":"Show","type":"checkbox"},{"id":"social_linkedin_link","default":"http:\/\/linkedin.com","label":"Link to","type":"text"},{"content":"Pinterest","type":"paragraph"},{"id":"social_pinterest","default":true,"label":"Show","type":"checkbox"},{"id":"social_pinterest_link","default":"http:\/\/pinterest.com","label":"Link to","type":"text"},{"content":"Tumblr","type":"paragraph"},{"id":"social_tumblr","default":true,"label":"Show","type":"checkbox"},{"id":"social_tumblr_link","default":"http:\/\/tumblr.com","label":"Link to","type":"text"},{"content":"Twitter","type":"paragraph"},{"id":"social_twitter","default":true,"label":"Show","type":"checkbox"},{"id":"social_twitter_link","default":"http:\/\/twitter.com","label":"Link to","type":"text"},{"content":"Vimeo","type":"paragraph"},{"id":"social_vimeo","default":true,"label":"Show","type":"checkbox"},{"id":"social_vimeo_link","default":"http:\/\/vimeo.com","label":"Link to","type":"text"},{"content":"YouTube","type":"paragraph"},{"id":"social_youtube","default":true,"label":"Show","type":"checkbox"},{"id":"social_youtube_link","default":"http:\/\/youtube.com","label":"Link to","type":"text"}],"name":"Social media"},{"settings":[{"content":"Display Sidebar","type":"header"},{"id":"display_sidebar","default":true,"label":"Display Sidebar","type":"checkbox"},{"content":"Textbox","type":"header"},{"id":"sidebar_textbox","default":true,"label":"Display Textbox","type":"checkbox"},{"id":"sidebar_textbox_title","default":"Textbox Title","label":"Textbox Title","type":"text"},{"id":"sidebar_textbox_content","label":"Textbox Content","type":"textarea"},{"content":"Link List","type":"header"},{"id":"display_linklist","default":true,"label":"Display Link List","type":"checkbox"},{"id":"linklist_title","default":"Optional Link List","label":"Optional Link List","type":"text"},{"id":"linklist_list","label":"Select Link List","type":"link_list"},{"content":"Recent Posts","type":"header"},{"id":"display_recent_post","default":true,"label":"Display Recent Posts","type":"checkbox"},{"id":"recent_post_title","default":"Recent Posts","label":"Recent Posts Title","type":"text"},{"id":"recent_post_limit","default":"3","label":"Display Number Of Recent Posts","type":"select","options":[{"value":"1","label":"1"},{"value":"2","label":"2"},{"value":"3","label":"3"},{"value":"4","label":"4"},{"value":"5","label":"5"},{"value":"6","label":"6"},{"value":"7","label":"7"},{"value":"8","label":"8"},{"value":"9","label":"9"},{"value":"10","label":"10"}]},{"id":"recent_post_blog","label":"Post From Blog","type":"blog"}],"name":"Sidebar"},{"settings":[{"content":"Bypass option","type":"paragraph"},{"id":"bypass_option","label":"Bypass","type":"radio","options":[{"value":"1","label":"Bypass the cart page"},{"value":"2","label":"Include the cart page"}]}],"name":"Bypass"},{"settings":[{"id":"enable_notify","default":true,"label":"Enable Notify","type":"checkbox"},{"id":"enable_mobile_notify","default":false,"label":"Enable Mobile Notify","type":"checkbox"},{"id":"customer_name","label":"Customer List","type":"textarea","info":"write customer name for example: 'Roy','Andy','Rock'"},{"id":"country_list","label":"Country List","type":"textarea","info":"write Country name for example: 'USA','INDIA','CANADA'"},{"id":"time_list","label":"Time List","type":"textarea","info":"write Country name for example: '0 minute', '1 minute', '5 minutes'"},{"id":"notify_collection","label":"Select collection","type":"collection"}],"name":"Notify"},{"settings":[{"id":"show_multiple_currencies","default":true,"label":"Enable Auto Currency App?","type":"checkbox"},{"content":"Although you will be able to display prices on your store front in different currencies, Shopify will still process orders in your shop's currency.","type":"paragraph"},{"id":"show_decimal_places","default":true,"label":"Round Decimal Digits to .00 ?","type":"checkbox"},{"id":"hide_decimal_places","label":"Hide Decimal Digits? ( Remove .00 )","type":"checkbox"},{"content":"By selecting the Hide Decimal Digits checkbox, the prices will be diplayed without decimal digits.","type":"paragraph"},{"id":"currency_format","default":"money_with_currency_format","label":"Money format","type":"select","options":[{"value":"money_format","label":"Without Currency, ex: $10.00"},{"value":"money_with_currency_format","label":"With Currency, ex: $10 CAD"}]},{"id":"supported_currencies","default":"INR GBP CAD USD AUD EUR JPY","label":"Currencies you wish to support","type":"text"},{"id":"default_currency","default":"USD","label":"Default currency","type":"text"},{"content":"Separate your currency codes with a space. Use the ISO 4217 3-letter currency code. Click [here](http:\/\/www.xe.com\/iso4217.php) for a complete list of currency codes. Example: CAD USD.","type":"paragraph"}],"name":"Money options"}]